{
  "config": {
    "season_state": {
      "current_day": 120,
      "season_start_day": 1,
      "season_end_day": 365
    },
    "herd_case": {
      "genotype": 1,
      "location": "FRANCE1",
      "housing1": 0,
      "housing2": 1,
      "housing3": 0,
      "feed1": 20.0,
      "feed2": 0.0,
      "feednr": 1,
      "slaughter_weight": 936.1493,
      "debug": false
    },
    "ref_point": [
      0.0,
      0.0
    ],
    "lower_bounds": [
      0.7,
      -5.0,
      -5.0,
      0.7,
      0.5,
      0.5,
      -2.0,
      0.5,
      0.5,
      0.7
    ],
    "upper_bounds": [
      1.3,
      5.0,
      5.0,
      1.3,
      1.5,
      1.5,
      2.0,
      1.5,
      1.5,
      1.3
    ]
  },
  "records": [
    {
      "x": [
        0.8218863815069198,
        -0.7877013087272644,
        -4.947518240660429,
        1.2268097758293153,
        1.1396077275276184,
        0.5976733192801476,
        -0.1939452886581421,
        0.776671826839447,
        0.5897807478904724,
        0.9920613408088684
      ],
      "objectives": [
        505.7628549515746,
        52.04497594555648
      ],
      "constraints": [
        0.0,
        -0.0
      ],
      "decision": {
        "rad_scale": 0.8218863815069198,
        "mint_shift": -0.7877013087272644,
        "maxt_shift": -4.947518240660429,
        "vpr_scale": 1.2268097758293153,
        "wind_scale": 1.1396077275276184,
        "rain_scale": 0.5976733192801476,
        "okta_shift": -0.1939452886581421,
        "feed1_scale": 0.776671826839447,
        "feed2_scale": 0.5897807478904724,
        "slweight_scale": 0.9920613408088684
      },
      "result": {
        "beef_production_herd_kg": 505.7628549515746,
        "feed_efficiency_herd_g_per_kg_dm": 52.04497594555648,
        "slaughter_weight_bull_calf_kg": 928.1376888182056,
        "feed_fraction_repr_cow": 1.0,
        "runtime_seconds": 85.93568202200004,
        "success": true
      },
      "climate_target_full": {
        "rad": 3834950.592841548,
        "mint": 2059.71317936182,
        "maxt": 4449.558031038195,
        "vpr": 438.2811720422507,
        "wind": 1049.4188314735889,
        "rain": 524.5850829616189,
        "okta": 1522.0896898150459,
        "n_days": 365
      },
      "climate_realized_past": {
        "rad": 1076501.0,
        "mint": 245.89999999999998,
        "maxt": 1270.5,
        "vpr": 89.904,
        "wind": 354.6,
        "rain": 253.6,
        "okta": 542.312758034,
        "n_days": 120
      },
      "climate_required_future": {
        "rad": 2758449.5928415474,
        "mint": 1813.8131793618202,
        "maxt": 3179.0580310381947,
        "vpr": 348.37717204225066,
        "wind": 694.818831473589,
        "rain": 270.9850829616189,
        "okta": 979.7769317810458,
        "n_days": 245
      }
    },
    {
      "x": [
        1.1632252931594849,
        2.4425745010375977,
        1.7445361614227295,
        0.9828188598155976,
        0.5626180991530418,
        1.1022151112556458,
        0.7610387802124023,
        1.2149614691734314,
        1.0651257634162903,
        1.2503352165222168
      ],
      "objectives": [
        503.49375163580385,
        51.86807170471046
      ],
      "constraints": [
        0.0,
        -0.0
      ],
      "decision": {
        "rad_scale": 1.1632252931594849,
        "mint_shift": 2.4425745010375977,
        "maxt_shift": 1.7445361614227295,
        "vpr_scale": 0.9828188598155976,
        "wind_scale": 0.5626180991530418,
        "rain_scale": 1.1022151112556458,
        "okta_shift": 0.7610387802124023,
        "feed1_scale": 1.2149614691734314,
        "feed2_scale": 1.0651257634162903,
        "slweight_scale": 1.2503352165222168
      },
      "result": {
        "beef_production_herd_kg": 503.49375163580385,
        "feed_efficiency_herd_g_per_kg_dm": 51.86807170471046,
        "slaughter_weight_bull_calf_kg": 1170.3622233996207,
        "feed_fraction_repr_cow": 1.0,
        "runtime_seconds": 84.90144115699968,
        "success": true
      },
      "climate_target_full": {
        "rad": 4980566.584364176,
        "mint": 2851.1307527542112,
        "maxt": 6089.111359548568,
        "vpr": 368.9950716218353,
        "wind": 697.6282550536096,
        "rain": 753.3443314433098,
        "okta": 1754.566858917614,
        "n_days": 365
      },
      "climate_realized_past": {
        "rad": 1076501.0,
        "mint": 245.89999999999998,
        "maxt": 1270.5,
        "vpr": 89.904,
        "wind": 354.6,
        "rain": 253.6,
        "okta": 542.312758034,
        "n_days": 120
      },
      "climate_required_future": {
        "rad": 3904065.584364176,
        "mint": 2605.2307527542116,
        "maxt": 4818.611359548569,
        "vpr": 279.0910716218352,
        "wind": 343.0282550536096,
        "rain": 499.7443314433097,
        "okta": 1212.2541008836138,
        "n_days": 245
      }
    },
    {
      "x": [
        1.0448073387145995,
        -4.669852778315544,
        -0.02583920955657959,
        1.0126254439353943,
        0.9386318624019623,
        1.4974284172058105,
        -1.1515749096870422,
        1.4392120838165283,
        1.3773877620697021,
        1.0568315386772156
      ],
      "objectives": [
        505.6910431277413,
        52.04594590296045
      ],
      "constraints": [
        0.0,
        -0.0
      ],
      "decision": {
        "rad_scale": 1.0448073387145995,
        "mint_shift": -4.669852778315544,
        "maxt_shift": -0.02583920955657959,
        "vpr_scale": 1.0126254439353943,
        "wind_scale": 0.9386318624019623,
        "rain_scale": 1.4974284172058105,
        "okta_shift": -1.1515749096870422,
        "feed1_scale": 1.4392120838165283,
        "feed2_scale": 1.3773877620697021,
        "slweight_scale": 1.0568315386772156
      },
      "result": {
        "beef_production_herd_kg": 505.6910431277413,
        "feed_efficiency_herd_g_per_kg_dm": 52.04594590296045,
        "slaughter_weight_bull_calf_kg": 988.608081924222,
        "feed_fraction_repr_cow": 1.0,
        "runtime_seconds": 84.31360271599988,
        "success": true
      },
      "climate_target_full": {
        "rad": 4583127.272102165,
        "mint": 1108.5860693126915,
        "maxt": 5655.369393658637,
        "vpr": 377.4592473143339,
        "wind": 926.8838465064765,
        "rain": 932.5340443611145,
        "okta": 1305.4649605310342,
        "n_days": 365
      },
      "climate_realized_past": {
        "rad": 1076501.0,
        "mint": 245.89999999999998,
        "maxt": 1270.5,
        "vpr": 89.904,
        "wind": 354.6,
        "rain": 253.6,
        "okta": 542.312758034,
        "n_days": 120
      },
      "climate_required_future": {
        "rad": 3506626.2721021655,
        "mint": 862.6860693126916,
        "maxt": 4384.869393658639,
        "vpr": 287.55524731433394,
        "wind": 572.2838465064764,
        "rain": 678.9340443611145,
        "okta": 763.1522024970341,
        "n_days": 245
      }
    },
    {
      "x": [
        0.9314051151275635,
        3.6379575729370117,
        3.2290118932724,
        0.7680966690182686,
        1.2653926610946655,
        0.9862774014472961,
        1.8348472118377686,
        0.5064155757427216,
        0.9015455543994904,
        0.7338029704988003
      ],
      "objectives": [
        505.2915597058709,
        51.996261665957086
      ],
      "constraints": [
        0.0,
        -0.0
      ],
      "decision": {
        "rad_scale": 0.9314051151275635,
        "mint_shift": 3.6379575729370117,
        "maxt_shift": 3.2290118932724,
        "vpr_scale": 0.7680966690182686,
        "wind_scale": 1.2653926610946655,
        "rain_scale": 0.9862774014472961,
        "okta_shift": 1.8348472118377686,
        "feed1_scale": 0.5064155757427216,
        "feed2_scale": 0.9015455543994904,
        "slweight_scale": 0.7338029704988003
      },
      "result": {
        "beef_production_herd_kg": 505.2915597058709,